<configuration>
    <property name="LOG_FILE" value="D:\JavaEE\Course_JavaEE\homework12\logs\mylog.log" />
    <property name="LOG_PATTERN" value="%d{yyyy-MM-dd HH:mm:ss} %-5level [%thread] %logger{36} - %msg%n" />

    <!-- Консольный аппендер для вывода логов в консоль -->
    <appender name="Console" class="ch.qos.logback.core.ConsoleAppender">
        <encoder>
            <pattern>${LOG_PATTERN}</pattern>
        </encoder>
    </appender>

    <!-- Файловый аппендер для записи логов в файл -->
    <appender name="File" class="ch.qos.logback.core.FileAppender">
        <file>${LOG_FILE}</file>
        <append>true</append>
        <encoder>
            <pattern>${LOG_PATTERN}</pattern>
        </encoder>
    </appender>

    <!-- Уровень логирования и вывод на консоль и в файл -->
    <root level="info">
        <appender-ref ref="Console" />
        <appender-ref ref="File" />
    </root>
</configuration>
