<databaseChangeLog
        xmlns="http://www.liquibase.org/xml/ns/dbchangelog"
        xmlns:xsi="http://www.w3.org/2001/XMLSchema-instance"
        xsi:schemaLocation="http://www.liquibase.org/xml/ns/dbchangelog
    http://www.liquibase.org/xml/ns/dbchangelog/dbchangelog-4.20.xsd">

    <changeSet id="1" author="patron">
        <createTable tableName="notes">
            <column name="id" type="serial">
                <constraints primaryKey="true" nullable="false"/>
            </column>
            <column name="date_of_update" type="timestamp" defaultValueComputed="CURRENT_TIMESTAMP">
                <constraints nullable="false"/>
            </column>
            <column name="title" type="varchar(255)">
                <constraints nullable="true"/>
            </column>
            <column name="content" type="text">
                <constraints nullable="true"/>
            </column>
        </createTable>
    </changeSet>
</databaseChangeLog>